tokenId,name,description,image
0,name #0,description for name #0,https://raw.githubusercontent.com/taijusanagi/example-nft-metadata/main/img/nft.png
1,name #1,description for name #1,https://raw.githubusercontent.com/taijusanagi/example-nft-metadata/main/img/nft.png
2,name #2,description for name #2,https://raw.githubusercontent.com/taijusanagi/example-nft-metadata/main/img/nft.png
3,name #3,description for name #3,https://raw.githubusercontent.com/taijusanagi/example-nft-metadata/main/img/nft.png
4,name #4,description for name #4,https://raw.githubusercontent.com/taijusanagi/example-nft-metadata/main/img/nft.png
5,name #5,description for name #5,https://raw.githubusercontent.com/taijusanagi/example-nft-metadata/main/img/nft.png
6,name #6,description for name #6,https://raw.githubusercontent.com/taijusanagi/example-nft-metadata/main/img/nft.png
7,name #7,description for name #7,https://raw.githubusercontent.com/taijusanagi/example-nft-metadata/main/img/nft.png
8,name #8,description for name #8,https://raw.githubusercontent.com/taijusanagi/example-nft-metadata/main/img/nft.png
9,name #9,description for name #9,https://raw.githubusercontent.com/taijusanagi/example-nft-metadata/main/img/nft.png
10,name #10,description for name #10,https://raw.githubusercontent.com/taijusanagi/example-nft-metadata/main/img/nft.png
11,name #11,description for name #11,https://raw.githubusercontent.com/taijusanagi/example-nft-metadata/main/img/nft.png
12,name #12,description for name #12,https://raw.githubusercontent.com/taijusanagi/example-nft-metadata/main/img/nft.png
13,name #13,description for name #13,https://raw.githubusercontent.com/taijusanagi/example-nft-metadata/main/img/nft.png
14,name #14,description for name #14,https://raw.githubusercontent.com/taijusanagi/example-nft-metadata/main/img/nft.png
15,name #15,description for name #15,https://raw.githubusercontent.com/taijusanagi/example-nft-metadata/main/img/nft.png
16,name #16,description for name #16,https://raw.githubusercontent.com/taijusanagi/example-nft-metadata/main/img/nft.png
17,name #17,description for name #17,https://raw.githubusercontent.com/taijusanagi/example-nft-metadata/main/img/nft.png
18,name #18,description for name #18,https://raw.githubusercontent.com/taijusanagi/example-nft-metadata/main/img/nft.png
19,name #19,description for name #19,https://raw.githubusercontent.com/taijusanagi/example-nft-metadata/main/img/nft.png
20,name #20,description for name #20,https://raw.githubusercontent.com/taijusanagi/example-nft-metadata/main/img/nft.png
21,name #21,description for name #21,https://raw.githubusercontent.com/taijusanagi/example-nft-metadata/main/img/nft.png
22,name #22,description for name #22,https://raw.githubusercontent.com/taijusanagi/example-nft-metadata/main/img/nft.png
23,name #23,description for name #23,https://raw.githubusercontent.com/taijusanagi/example-nft-metadata/main/img/nft.png
24,name #24,description for name #24,https://raw.githubusercontent.com/taijusanagi/example-nft-metadata/main/img/nft.png
25,name #25,description for name #25,https://raw.githubusercontent.com/taijusanagi/example-nft-metadata/main/img/nft.png
26,name #26,description for name #26,https://raw.githubusercontent.com/taijusanagi/example-nft-metadata/main/img/nft.png
27,name #27,description for name #27,https://raw.githubusercontent.com/taijusanagi/example-nft-metadata/main/img/nft.png
28,name #28,description for name #28,https://raw.githubusercontent.com/taijusanagi/example-nft-metadata/main/img/nft.png
29,name #29,description for name #29,https://raw.githubusercontent.com/taijusanagi/example-nft-metadata/main/img/nft.png
30,name #30,description for name #30,https://raw.githubusercontent.com/taijusanagi/example-nft-metadata/main/img/nft.png
31,name #31,description for name #31,https://raw.githubusercontent.com/taijusanagi/example-nft-metadata/main/img/nft.png
32,name #32,description for name #32,https://raw.githubusercontent.com/taijusanagi/example-nft-metadata/main/img/nft.png
33,name #33,description for name #33,https://raw.githubusercontent.com/taijusanagi/example-nft-metadata/main/img/nft.png
34,name #34,description for name #34,https://raw.githubusercontent.com/taijusanagi/example-nft-metadata/main/img/nft.png
35,name #35,description for name #35,https://raw.githubusercontent.com/taijusanagi/example-nft-metadata/main/img/nft.png
36,name #36,description for name #36,https://raw.githubusercontent.com/taijusanagi/example-nft-metadata/main/img/nft.png
37,name #37,description for name #37,https://raw.githubusercontent.com/taijusanagi/example-nft-metadata/main/img/nft.png
38,name #38,description for name #38,https://raw.githubusercontent.com/taijusanagi/example-nft-metadata/main/img/nft.png
39,name #39,description for name #39,https://raw.githubusercontent.com/taijusanagi/example-nft-metadata/main/img/nft.png
40,name #40,description for name #40,https://raw.githubusercontent.com/taijusanagi/example-nft-metadata/main/img/nft.png
41,name #41,description for name #41,https://raw.githubusercontent.com/taijusanagi/example-nft-metadata/main/img/nft.png
42,name #42,description for name #42,https://raw.githubusercontent.com/taijusanagi/example-nft-metadata/main/img/nft.png
43,name #43,description for name #43,https://raw.githubusercontent.com/taijusanagi/example-nft-metadata/main/img/nft.png
44,name #44,description for name #44,https://raw.githubusercontent.com/taijusanagi/example-nft-metadata/main/img/nft.png
45,name #45,description for name #45,https://raw.githubusercontent.com/taijusanagi/example-nft-metadata/main/img/nft.png
46,name #46,description for name #46,https://raw.githubusercontent.com/taijusanagi/example-nft-metadata/main/img/nft.png
47,name #47,description for name #47,https://raw.githubusercontent.com/taijusanagi/example-nft-metadata/main/img/nft.png
48,name #48,description for name #48,https://raw.githubusercontent.com/taijusanagi/example-nft-metadata/main/img/nft.png
49,name #49,description for name #49,https://raw.githubusercontent.com/taijusanagi/example-nft-metadata/main/img/nft.png
50,name #50,description for name #50,https://raw.githubusercontent.com/taijusanagi/example-nft-metadata/main/img/nft.png
51,name #51,description for name #51,https://raw.githubusercontent.com/taijusanagi/example-nft-metadata/main/img/nft.png
52,name #52,description for name #52,https://raw.githubusercontent.com/taijusanagi/example-nft-metadata/main/img/nft.png
53,name #53,description for name #53,https://raw.githubusercontent.com/taijusanagi/example-nft-metadata/main/img/nft.png
54,name #54,description for name #54,https://raw.githubusercontent.com/taijusanagi/example-nft-metadata/main/img/nft.png
55,name #55,description for name #55,https://raw.githubusercontent.com/taijusanagi/example-nft-metadata/main/img/nft.png
56,name #56,description for name #56,https://raw.githubusercontent.com/taijusanagi/example-nft-metadata/main/img/nft.png
57,name #57,description for name #57,https://raw.githubusercontent.com/taijusanagi/example-nft-metadata/main/img/nft.png
58,name #58,description for name #58,https://raw.githubusercontent.com/taijusanagi/example-nft-metadata/main/img/nft.png
59,name #59,description for name #59,https://raw.githubusercontent.com/taijusanagi/example-nft-metadata/main/img/nft.png
60,name #60,description for name #60,https://raw.githubusercontent.com/taijusanagi/example-nft-metadata/main/img/nft.png
61,name #61,description for name #61,https://raw.githubusercontent.com/taijusanagi/example-nft-metadata/main/img/nft.png
62,name #62,description for name #62,https://raw.githubusercontent.com/taijusanagi/example-nft-metadata/main/img/nft.png
63,name #63,description for name #63,https://raw.githubusercontent.com/taijusanagi/example-nft-metadata/main/img/nft.png
64,name #64,description for name #64,https://raw.githubusercontent.com/taijusanagi/example-nft-metadata/main/img/nft.png
65,name #65,description for name #65,https://raw.githubusercontent.com/taijusanagi/example-nft-metadata/main/img/nft.png
66,name #66,description for name #66,https://raw.githubusercontent.com/taijusanagi/example-nft-metadata/main/img/nft.png
67,name #67,description for name #67,https://raw.githubusercontent.com/taijusanagi/example-nft-metadata/main/img/nft.png
68,name #68,description for name #68,https://raw.githubusercontent.com/taijusanagi/example-nft-metadata/main/img/nft.png
69,name #69,description for name #69,https://raw.githubusercontent.com/taijusanagi/example-nft-metadata/main/img/nft.png
70,name #70,description for name #70,https://raw.githubusercontent.com/taijusanagi/example-nft-metadata/main/img/nft.png
71,name #71,description for name #71,https://raw.githubusercontent.com/taijusanagi/example-nft-metadata/main/img/nft.png
72,name #72,description for name #72,https://raw.githubusercontent.com/taijusanagi/example-nft-metadata/main/img/nft.png
73,name #73,description for name #73,https://raw.githubusercontent.com/taijusanagi/example-nft-metadata/main/img/nft.png
74,name #74,description for name #74,https://raw.githubusercontent.com/taijusanagi/example-nft-metadata/main/img/nft.png
75,name #75,description for name #75,https://raw.githubusercontent.com/taijusanagi/example-nft-metadata/main/img/nft.png
76,name #76,description for name #76,https://raw.githubusercontent.com/taijusanagi/example-nft-metadata/main/img/nft.png
77,name #77,description for name #77,https://raw.githubusercontent.com/taijusanagi/example-nft-metadata/main/img/nft.png
78,name #78,description for name #78,https://raw.githubusercontent.com/taijusanagi/example-nft-metadata/main/img/nft.png
79,name #79,description for name #79,https://raw.githubusercontent.com/taijusanagi/example-nft-metadata/main/img/nft.png
80,name #80,description for name #80,https://raw.githubusercontent.com/taijusanagi/example-nft-metadata/main/img/nft.png
81,name #81,description for name #81,https://raw.githubusercontent.com/taijusanagi/example-nft-metadata/main/img/nft.png
82,name #82,description for name #82,https://raw.githubusercontent.com/taijusanagi/example-nft-metadata/main/img/nft.png
83,name #83,description for name #83,https://raw.githubusercontent.com/taijusanagi/example-nft-metadata/main/img/nft.png
84,name #84,description for name #84,https://raw.githubusercontent.com/taijusanagi/example-nft-metadata/main/img/nft.png
85,name #85,description for name #85,https://raw.githubusercontent.com/taijusanagi/example-nft-metadata/main/img/nft.png
86,name #86,description for name #86,https://raw.githubusercontent.com/taijusanagi/example-nft-metadata/main/img/nft.png
87,name #87,description for name #87,https://raw.githubusercontent.com/taijusanagi/example-nft-metadata/main/img/nft.png
88,name #88,description for name #88,https://raw.githubusercontent.com/taijusanagi/example-nft-metadata/main/img/nft.png
89,name #89,description for name #89,https://raw.githubusercontent.com/taijusanagi/example-nft-metadata/main/img/nft.png
90,name #90,description for name #90,https://raw.githubusercontent.com/taijusanagi/example-nft-metadata/main/img/nft.png
91,name #91,description for name #91,https://raw.githubusercontent.com/taijusanagi/example-nft-metadata/main/img/nft.png
92,name #92,description for name #92,https://raw.githubusercontent.com/taijusanagi/example-nft-metadata/main/img/nft.png
93,name #93,description for name #93,https://raw.githubusercontent.com/taijusanagi/example-nft-metadata/main/img/nft.png
94,name #94,description for name #94,https://raw.githubusercontent.com/taijusanagi/example-nft-metadata/main/img/nft.png
95,name #95,description for name #95,https://raw.githubusercontent.com/taijusanagi/example-nft-metadata/main/img/nft.png
96,name #96,description for name #96,https://raw.githubusercontent.com/taijusanagi/example-nft-metadata/main/img/nft.png
97,name #97,description for name #97,https://raw.githubusercontent.com/taijusanagi/example-nft-metadata/main/img/nft.png
98,name #98,description for name #98,https://raw.githubusercontent.com/taijusanagi/example-nft-metadata/main/img/nft.png
99,name #99,description for name #99,https://raw.githubusercontent.com/taijusanagi/example-nft-metadata/main/img/nft.png
100,name #100,description for name #100,https://raw.githubusercontent.com/taijusanagi/example-nft-metadata/main/img/nft.png